benchmark,original_blif,original_sha256,starting_mig,starting_mig_sha256,selected_seed,notes
adder,benchmarks/epfl/original/adder.blif,3126ec3f60fa4a37ac94fa5e70aa8706aac79ccf316ddaa09ed70db33625d472,benchmarks/starting_migs/adder.blif,493b2463a306dec34ceb4d8d7576ae317a317ae1c7fe7d3e00680f6caa77649d,1,Frozen development-set starting MIG
arbiter,benchmarks/epfl/original/arbiter.blif,bf808364cacf4ccf38f9fdbfec39e33a407681b0cdf65783613ad8466b1c1499,benchmarks/starting_migs/arbiter.blif,756c3248b1183904cc3f5f47b46e681ef52cbc54b903d9e7ce432522df32ca9f,1,Frozen development-set starting MIG
bar,benchmarks/epfl/original/bar.blif,cbda4fc7dffda03ace50aa1d329ca81b0b597c6f52c480f12c5dfa3b93437a4b,benchmarks/starting_migs/bar.blif,0be0af8ca7a22faa9aafaf2e3840dccceca3ac2a45668194ae5ab485f07c8a55,2,Frozen development-set starting MIG
cavlc,benchmarks/epfl/original/cavlc.blif,4fa57f4dd3064e2e5acb444577dcc99b8db1eb8d41dbbe11d3ecd7d22fa4107f,benchmarks/starting_migs/cavlc.blif,b1712c7664178327f89041d9142f1183c25ab8b81fd1f2ad34185253003c7b84,1,Frozen development-set starting MIG
ctrl,benchmarks/epfl/original/ctrl.blif,659c64bb6f9d5643b817c41f4f6d34f1aa25c4fc5924e81e2001618e5f7ffe62,benchmarks/starting_migs/ctrl.blif,6aae638dce8ccc781044320a6cdf50af643d621c7b1fe850827e3ddaa28b9214,3,Frozen development-set starting MIG
dec,benchmarks/epfl/original/dec.blif,47cd7abc0e02c47e56c148040027eb8d6c054d3c89265310e5001f79393468bf,benchmarks/starting_migs/dec.blif,4551813d23f6c65a2fff94bf651d006f82d550b064c6dedf5c721ebd09060dee,1,Frozen development-set starting MIG
i2c,benchmarks/epfl/original/i2c.blif,9a600ae50bbfd998251310c0432374b8bfad5adc1c8c89ea75e1e640e70cd999,benchmarks/starting_migs/i2c.blif,e1414bd1e9d9df71ca398a2e7e1f30547c31e0694c9b2e03f046df1312c4ed04,3,Frozen development-set starting MIG
int2float,benchmarks/epfl/original/int2float.blif,efcdc03a007ff142c97dd083b1db5cba3378669862d02c8cc3cbb272225d5f85,benchmarks/starting_migs/int2float.blif,df30112d81fddc3ab49cf159a03123581845da1fa7f91fe4e1f0e0e7b4a829e5,3,Frozen development-set starting MIG
max,benchmarks/epfl/original/max.blif,9b64a56c5cc23a71aaf85e6c268a0f6d7d4af552235a7f109e0b5386032435c0,benchmarks/starting_migs/max.blif,5af3f14a7707c6b4f26bc6054c3fea604026b3d5525411faa68080cf9ee314c8,1,Frozen development-set starting MIG
priority,benchmarks/epfl/original/priority.blif,23a1d6777c9c6d08f7d8ef055e511f51c857719f41bf1e5a4eeb8514fae606fd,benchmarks/starting_migs/priority.blif,623df7e1ff9d7e3226aefb79e30cdd5a8cb1e548ab2f6b5f72171546ed1280b5,2,Frozen development-set starting MIG
router,benchmarks/epfl/original/router.blif,eabb05688bbb01fc623ce1c1d231d3356b47e82948a6b9537b39eab2d8f7aa0c,benchmarks/starting_migs/router.blif,91e7fd0335d77a922ed6798cb91a0610f8512eb9aadbe2a18f7d8c45b58c1eec,2,Frozen development-set starting MIG
voter,benchmarks/epfl/original/voter.blif,542214e933efbcd563aebf9a3a7487dfb596c823af2e62f72b105b2dae1ed597,benchmarks/starting_migs/voter.blif,903a3e94d3bdb7ccf195acec554941aedf9a37415d85d2cf402c2bd1de6dc8b5,1,Frozen development-set starting MIG
