benchmark,stage,G,D,I_raw,I_nonconst,MAJ_count,MIN_count,topology_hash,gate_type_hash,cec_pass,cec_transcript,path,sha256,diagnostic_runtime_s,diagnostic_command
adder,imported,384,129,256,255,384,0,a609f6577e2496938055cd7bbb76ea8e2fcaf809312285351d1d6d12a2c6ad93,50281ff1ce7d63b4de333b789f0850ae2ce26c42f311ee859c24268c780915c7,True,results/generated/cec/lowering/imported/adder.cec.txt,results/reference/lowering/imported/adder.blif,493b2463a306dec34ceb4d8d7576ae317a317ae1c7fe7d3e00680f6caa77649d,0.017496656044386327,See configs/phase_audit.json
adder,mixed,,,,,,,a609f6577e2496938055cd7bbb76ea8e2fcaf809312285351d1d6d12a2c6ad93,50281ff1ce7d63b4de333b789f0850ae2ce26c42f311ee859c24268c780915c7,True,results/generated/cec/lowering/mixed/adder.cec.txt,results/reference/lowering/mixed/adder.blif,493b2463a306dec34ceb4d8d7576ae317a317ae1c7fe7d3e00680f6caa77649d,0.017496656044386327,See configs/phase_audit.json
adder,native,384,129,256,255,384,0,a609f6577e2496938055cd7bbb76ea8e2fcaf809312285351d1d6d12a2c6ad93,50281ff1ce7d63b4de333b789f0850ae2ce26c42f311ee859c24268c780915c7,True,results/generated/cec/lowering/native/adder.cec.txt,results/reference/lowering/native/adder.blif,493b2463a306dec34ceb4d8d7576ae317a317ae1c7fe7d3e00680f6caa77649d,0.017496656044386327,See configs/phase_audit.json
adder,lowered_raw,384,129,256,255,384,0,a609f6577e2496938055cd7bbb76ea8e2fcaf809312285351d1d6d12a2c6ad93,50281ff1ce7d63b4de333b789f0850ae2ce26c42f311ee859c24268c780915c7,True,results/generated/cec/lowering/lowered_raw/adder.cec.txt,results/reference/lowering/lowered_raw/adder.blif,493b2463a306dec34ceb4d8d7576ae317a317ae1c7fe7d3e00680f6caa77649d,0.017496656044386327,See configs/phase_audit.json
adder,lowered_phase,384,129,256,255,384,0,a609f6577e2496938055cd7bbb76ea8e2fcaf809312285351d1d6d12a2c6ad93,50281ff1ce7d63b4de333b789f0850ae2ce26c42f311ee859c24268c780915c7,True,results/generated/cec/lowering/lowered_phase/adder.cec.txt,results/reference/lowering/lowered_phase/adder.blif,493b2463a306dec34ceb4d8d7576ae317a317ae1c7fe7d3e00680f6caa77649d,0.017496656044386327,See configs/phase_audit.json
arbiter,imported,3597,25,3360,1717,3597,0,cf04bd720f5afa0fc1d261dc62169ab899453b67c15a089bf95f63027826b598,4688b7f3f9ea3d10633a5f5b13cce6b6aa5495b0ac8c961da9dbe5e562f9889d,True,results/generated/cec/lowering/imported/arbiter.cec.txt,results/reference/lowering/imported/arbiter.blif,da43d12fef86dc9fb11e2538a57ec983021c2c4cc3a71ffb2ae96cf6e3c46556,0.15670708299148828,See configs/phase_audit.json
arbiter,mixed,,,,,,,cf04bd720f5afa0fc1d261dc62169ab899453b67c15a089bf95f63027826b598,4688b7f3f9ea3d10633a5f5b13cce6b6aa5495b0ac8c961da9dbe5e562f9889d,True,results/generated/cec/lowering/mixed/arbiter.cec.txt,results/reference/lowering/mixed/arbiter.blif,65941c49f9593ea1cb06f5827e851c7f736dbeec184e6fa34c6438c13f36cd66,0.15670708299148828,See configs/phase_audit.json
arbiter,native,3597,25,2387,987,3392,205,cf04bd720f5afa0fc1d261dc62169ab899453b67c15a089bf95f63027826b598,676e30ef55995037e12a6760ec041887445be4e87d45eed3c7b71192704a48fb,True,results/generated/cec/lowering/native/arbiter.cec.txt,results/reference/lowering/native/arbiter.blif,b75ecce5f6143ac6611facace76c70eecb40414f1900c478b0e71d113ef29116,0.15670708299148828,See configs/phase_audit.json
arbiter,lowered_raw,3597,25,2673,1273,3597,0,cf04bd720f5afa0fc1d261dc62169ab899453b67c15a089bf95f63027826b598,4688b7f3f9ea3d10633a5f5b13cce6b6aa5495b0ac8c961da9dbe5e562f9889d,True,results/generated/cec/lowering/lowered_raw/arbiter.cec.txt,results/reference/lowering/lowered_raw/arbiter.blif,d46138a3fc93a9c9f6c4b3257d1f40d794b8129d84483e4db3f9244e0c1c1c23,0.15670708299148828,See configs/phase_audit.json
arbiter,lowered_phase,3597,25,2547,1194,3597,0,cf04bd720f5afa0fc1d261dc62169ab899453b67c15a089bf95f63027826b598,4688b7f3f9ea3d10633a5f5b13cce6b6aa5495b0ac8c961da9dbe5e562f9889d,True,results/generated/cec/lowering/lowered_phase/arbiter.cec.txt,results/reference/lowering/lowered_phase/arbiter.blif,966f61161dfca849a530123c15e39030f899803a68ec7f5ab24998980cbc663f,0.15670708299148828,See configs/phase_audit.json
bar,imported,2464,17,1425,845,2464,0,584e233ea37ef46de889133552427254995faa3686e634a35b2d7cfaabca3a85,928471f98ccaf518a63a6b7fc9ff8f7be22dd1f69fcbf59eb4c4e9e3b18080d7,True,results/generated/cec/lowering/imported/bar.cec.txt,results/reference/lowering/imported/bar.blif,b3ca1f9c6771626e5fefa4e03bedde8ecaefe09c69cc537330e2307fe2861dcc,0.08800162607803941,See configs/phase_audit.json
bar,mixed,,,,,,,584e233ea37ef46de889133552427254995faa3686e634a35b2d7cfaabca3a85,928471f98ccaf518a63a6b7fc9ff8f7be22dd1f69fcbf59eb4c4e9e3b18080d7,True,results/generated/cec/lowering/mixed/bar.cec.txt,results/reference/lowering/mixed/bar.blif,b46a89b3d2e4f3490bf13c08002a7a69c66e87cefe74c2131aa96f3eac599a9f,0.08800162607803941,See configs/phase_audit.json
bar,native,2464,17,1210,624,2419,45,584e233ea37ef46de889133552427254995faa3686e634a35b2d7cfaabca3a85,2e4be6d53117a2ac3990086cb6e6fa9edcb4b224b5d670a73fdce6732c87438a,True,results/generated/cec/lowering/native/bar.cec.txt,results/reference/lowering/native/bar.blif,7438f7b2ca1b610a674bd01d3c718e4a23de90d0e68cf89da8a871a0514e31a3,0.08800162607803941,See configs/phase_audit.json
bar,lowered_raw,2464,17,1422,836,2464,0,584e233ea37ef46de889133552427254995faa3686e634a35b2d7cfaabca3a85,928471f98ccaf518a63a6b7fc9ff8f7be22dd1f69fcbf59eb4c4e9e3b18080d7,True,results/generated/cec/lowering/lowered_raw/bar.cec.txt,results/reference/lowering/lowered_raw/bar.blif,5cb99bbcef4478d9973d08cb3ad96832e89dd2dd91bb4651c396808b3866cbad,0.08800162607803941,See configs/phase_audit.json
bar,lowered_phase,2464,17,1256,672,2464,0,584e233ea37ef46de889133552427254995faa3686e634a35b2d7cfaabca3a85,928471f98ccaf518a63a6b7fc9ff8f7be22dd1f69fcbf59eb4c4e9e3b18080d7,True,results/generated/cec/lowering/lowered_phase/bar.cec.txt,results/reference/lowering/lowered_phase/bar.blif,b46a89b3d2e4f3490bf13c08002a7a69c66e87cefe74c2131aa96f3eac599a9f,0.08800162607803941,See configs/phase_audit.json
cavlc,imported,524,15,381,278,524,0,b33180c0940079ca17e2eea409282051e02bba461dde66a08f1bea92787c2791,b14295a7e8df99dc88dccf9c5a92194ed0e77b9367cdd25994d63fd9a90139a4,True,results/generated/cec/lowering/imported/cavlc.cec.txt,results/reference/lowering/imported/cavlc.blif,cf73f2fe03bd63ba00c196ecfbc05a013a7ab8aebc9271dd4b29aba6bc812ee3,0.024239039048552513,See configs/phase_audit.json
cavlc,mixed,,,,,,,b33180c0940079ca17e2eea409282051e02bba461dde66a08f1bea92787c2791,b14295a7e8df99dc88dccf9c5a92194ed0e77b9367cdd25994d63fd9a90139a4,True,results/generated/cec/lowering/mixed/cavlc.cec.txt,results/reference/lowering/mixed/cavlc.blif,70e85748723cf1d0a20f486238b119dc3ae9a03d46373db150dfd437d4c8924b,0.024239039048552513,See configs/phase_audit.json
cavlc,native,524,15,315,180,467,57,b33180c0940079ca17e2eea409282051e02bba461dde66a08f1bea92787c2791,f72522c94a51d1712ec5a6fd45818a900b9ade33b9a5a85f277375e0c0d3e150,True,results/generated/cec/lowering/native/cavlc.cec.txt,results/reference/lowering/native/cavlc.blif,784506a54473014aecfbb46250f7d16642ec62095aabc0601b73207e6a83a346,0.024239039048552513,See configs/phase_audit.json
cavlc,lowered_raw,524,15,388,253,524,0,b33180c0940079ca17e2eea409282051e02bba461dde66a08f1bea92787c2791,b14295a7e8df99dc88dccf9c5a92194ed0e77b9367cdd25994d63fd9a90139a4,True,results/generated/cec/lowering/lowered_raw/cavlc.cec.txt,results/reference/lowering/lowered_raw/cavlc.blif,f6f0b0bbd4536280e282c5bde37a66aed79319875250ccfe77d9d898ed3ffaf3,0.024239039048552513,See configs/phase_audit.json
cavlc,lowered_phase,524,15,375,239,524,0,b33180c0940079ca17e2eea409282051e02bba461dde66a08f1bea92787c2791,b14295a7e8df99dc88dccf9c5a92194ed0e77b9367cdd25994d63fd9a90139a4,True,results/generated/cec/lowering/lowered_phase/cavlc.cec.txt,results/reference/lowering/lowered_phase/cavlc.blif,05ebfcf05fb8f17aff779971dd68eaaf7954349e9ad708bfeb34a00270ce4008,0.024239039048552513,See configs/phase_audit.json
ctrl,imported,64,8,37,28,64,0,7d2e295f15b581116aa2d7d2fe401f75e762f57eca7e1df62d6fb28255790d82,0b20245a8d545c8bb6082c487e67d569b7d1dc2b580cbd4f98a90e60c9de8b98,True,results/generated/cec/lowering/imported/ctrl.cec.txt,results/reference/lowering/imported/ctrl.blif,96fb84f9348e6cf4efea3458f580954a6705e924b12a3712791fd8d81ff317db,0.008004349074326456,See configs/phase_audit.json
ctrl,mixed,,,,,,,7d2e295f15b581116aa2d7d2fe401f75e762f57eca7e1df62d6fb28255790d82,0b20245a8d545c8bb6082c487e67d569b7d1dc2b580cbd4f98a90e60c9de8b98,True,results/generated/cec/lowering/mixed/ctrl.cec.txt,results/reference/lowering/mixed/ctrl.blif,96fb84f9348e6cf4efea3458f580954a6705e924b12a3712791fd8d81ff317db,0.008004349074326456,See configs/phase_audit.json
ctrl,native,64,8,36,27,63,1,7d2e295f15b581116aa2d7d2fe401f75e762f57eca7e1df62d6fb28255790d82,a0c8cd27d8d0a82ef1d466fc20cfc82023f491a25bd764d9e534616ec90f4703,True,results/generated/cec/lowering/native/ctrl.cec.txt,results/reference/lowering/native/ctrl.blif,4963ef7d9c0b175e337b7a382ad366d9738e2e464f65d8e9334d6e49d5cb6815,0.008004349074326456,See configs/phase_audit.json
ctrl,lowered_raw,64,8,37,28,64,0,7d2e295f15b581116aa2d7d2fe401f75e762f57eca7e1df62d6fb28255790d82,0b20245a8d545c8bb6082c487e67d569b7d1dc2b580cbd4f98a90e60c9de8b98,True,results/generated/cec/lowering/lowered_raw/ctrl.cec.txt,results/reference/lowering/lowered_raw/ctrl.blif,96fb84f9348e6cf4efea3458f580954a6705e924b12a3712791fd8d81ff317db,0.008004349074326456,See configs/phase_audit.json
ctrl,lowered_phase,64,8,37,28,64,0,7d2e295f15b581116aa2d7d2fe401f75e762f57eca7e1df62d6fb28255790d82,0b20245a8d545c8bb6082c487e67d569b7d1dc2b580cbd4f98a90e60c9de8b98,True,results/generated/cec/lowering/lowered_phase/ctrl.cec.txt,results/reference/lowering/lowered_phase/ctrl.blif,96fb84f9348e6cf4efea3458f580954a6705e924b12a3712791fd8d81ff317db,0.008004349074326456,See configs/phase_audit.json
dec,imported,304,3,58,51,304,0,fd908bd6811a0abcbd28a2565760830e298904b33a9d52e61681b152e723a8ae,46171ffac629438d127eb9d1d1e075d7ebeaec8d306ec4ee45dfc4c8960350bc,True,results/generated/cec/lowering/imported/dec.cec.txt,results/reference/lowering/imported/dec.blif,4551813d23f6c65a2fff94bf651d006f82d550b064c6dedf5c721ebd09060dee,0.01628744602203369,See configs/phase_audit.json
dec,mixed,,,,,,,fd908bd6811a0abcbd28a2565760830e298904b33a9d52e61681b152e723a8ae,46171ffac629438d127eb9d1d1e075d7ebeaec8d306ec4ee45dfc4c8960350bc,True,results/generated/cec/lowering/mixed/dec.cec.txt,results/reference/lowering/mixed/dec.blif,ee386ef7ea22faab146262f21b4028a5f82fceef7d34ad88fdea60d2b98a7a27,0.01628744602203369,See configs/phase_audit.json
dec,native,304,3,12,8,300,4,fd908bd6811a0abcbd28a2565760830e298904b33a9d52e61681b152e723a8ae,bd8f78f7f726333642a6fc7139b6a864fe9838bed95c734996ac39b812462911,True,results/generated/cec/lowering/native/dec.cec.txt,results/reference/lowering/native/dec.blif,ee386ef7ea22faab146262f21b4028a5f82fceef7d34ad88fdea60d2b98a7a27,0.01628744602203369,See configs/phase_audit.json
dec,lowered_raw,304,3,28,24,304,0,fd908bd6811a0abcbd28a2565760830e298904b33a9d52e61681b152e723a8ae,46171ffac629438d127eb9d1d1e075d7ebeaec8d306ec4ee45dfc4c8960350bc,True,results/generated/cec/lowering/lowered_raw/dec.cec.txt,results/reference/lowering/lowered_raw/dec.blif,7ab640d5547f0e896a52211825b49c9f7190d02065164a6d8b540844f9ea23b8,0.01628744602203369,See configs/phase_audit.json
dec,lowered_phase,304,3,16,16,304,0,fd908bd6811a0abcbd28a2565760830e298904b33a9d52e61681b152e723a8ae,46171ffac629438d127eb9d1d1e075d7ebeaec8d306ec4ee45dfc4c8960350bc,True,results/generated/cec/lowering/lowered_phase/dec.cec.txt,results/reference/lowering/lowered_phase/dec.blif,ee386ef7ea22faab146262f21b4028a5f82fceef7d34ad88fdea60d2b98a7a27,0.01628744602203369,See configs/phase_audit.json
i2c,imported,842,16,738,527,842,0,d975004ba5116029e0ef6d191e775df588e33f5d0706eeac64acb9c31f1370e9,37f86d250848a5b4b1460d06263d2ef6d63f53df7a4e537381ab98ebb8657244,True,results/generated/cec/lowering/imported/i2c.cec.txt,results/reference/lowering/imported/i2c.blif,a4f9d24bcd7b9ba7e6c3c5e995b2e416682fe9bd93c0a03aa4ef147b2f343068,0.03534589894115925,See configs/phase_audit.json
i2c,mixed,,,,,,,d975004ba5116029e0ef6d191e775df588e33f5d0706eeac64acb9c31f1370e9,37f86d250848a5b4b1460d06263d2ef6d63f53df7a4e537381ab98ebb8657244,True,results/generated/cec/lowering/mixed/i2c.cec.txt,results/reference/lowering/mixed/i2c.blif,9a2d6870f34a40efe41bdb30ae8ec75feb550b1d387093a0f7c2ac0b13e9affe,0.03534589894115925,See configs/phase_audit.json
i2c,native,842,16,552,282,713,129,d975004ba5116029e0ef6d191e775df588e33f5d0706eeac64acb9c31f1370e9,ff5032de02a99640e8f1ab1c141e189ee83e3916b9d359bf8da2fa0a4ddf9324,True,results/generated/cec/lowering/native/i2c.cec.txt,results/reference/lowering/native/i2c.blif,76ad93869f11056791eb52d635a60fafaeb822d6c647a7637549340b6de10dc2,0.03534589894115925,See configs/phase_audit.json
i2c,lowered_raw,842,16,710,440,842,0,d975004ba5116029e0ef6d191e775df588e33f5d0706eeac64acb9c31f1370e9,37f86d250848a5b4b1460d06263d2ef6d63f53df7a4e537381ab98ebb8657244,True,results/generated/cec/lowering/lowered_raw/i2c.cec.txt,results/reference/lowering/lowered_raw/i2c.blif,b496cbeb01a0f31f34ef6298b5cf8107887db411e64214605d86266bad8a779a,0.03534589894115925,See configs/phase_audit.json
i2c,lowered_phase,842,16,684,416,842,0,d975004ba5116029e0ef6d191e775df588e33f5d0706eeac64acb9c31f1370e9,37f86d250848a5b4b1460d06263d2ef6d63f53df7a4e537381ab98ebb8657244,True,results/generated/cec/lowering/lowered_phase/i2c.cec.txt,results/reference/lowering/lowered_phase/i2c.blif,e4c6769cbfdf2660f02e5e139e0f89a1e585e20ff568d8e23cee0d7741d00c7b,0.03534589894115925,See configs/phase_audit.json
int2float,imported,167,10,125,93,167,0,4254ef87ee9525baf34985f3538eb40d51c01980957ea5a4aa4a3454ac90316b,edbca70a81b4bc3db292db1edfa5ab984305b9f952d3c2114a3cd5311a299651,True,results/generated/cec/lowering/imported/int2float.cec.txt,results/reference/lowering/imported/int2float.blif,f3a92958f9c6f2404b6c13386f6e400b58d6d5574ccf28e7ca28ba08d198dcef,0.010351370903663337,See configs/phase_audit.json
int2float,mixed,,,,,,,4254ef87ee9525baf34985f3538eb40d51c01980957ea5a4aa4a3454ac90316b,edbca70a81b4bc3db292db1edfa5ab984305b9f952d3c2114a3cd5311a299651,True,results/generated/cec/lowering/mixed/int2float.cec.txt,results/reference/lowering/mixed/int2float.blif,0b9e5975ee23e57e0729ad8a7dcb14c9b453780a997577befe282d5bf3b870a8,0.010351370903663337,See configs/phase_audit.json
int2float,native,167,10,95,54,142,25,4254ef87ee9525baf34985f3538eb40d51c01980957ea5a4aa4a3454ac90316b,366f357134725f6ef85fa39ef1d3fc8b4cb96eee9e49239762d480cbc9550a56,True,results/generated/cec/lowering/native/int2float.cec.txt,results/reference/lowering/native/int2float.blif,34ecdf28903f5058022374bb6ce13f2a8be5cbc095edcbe6d0b575eea575b02f,0.010351370903663337,See configs/phase_audit.json
int2float,lowered_raw,167,10,122,81,167,0,4254ef87ee9525baf34985f3538eb40d51c01980957ea5a4aa4a3454ac90316b,edbca70a81b4bc3db292db1edfa5ab984305b9f952d3c2114a3cd5311a299651,True,results/generated/cec/lowering/lowered_raw/int2float.cec.txt,results/reference/lowering/lowered_raw/int2float.blif,ab486061d37734ccc2b7e25dd9cb1fbc27c81033f9c616c929e0bfcbe6b52313,0.010351370903663337,See configs/phase_audit.json
int2float,lowered_phase,167,10,122,81,167,0,4254ef87ee9525baf34985f3538eb40d51c01980957ea5a4aa4a3454ac90316b,edbca70a81b4bc3db292db1edfa5ab984305b9f952d3c2114a3cd5311a299651,True,results/generated/cec/lowering/lowered_phase/int2float.cec.txt,results/reference/lowering/lowered_phase/int2float.blif,ab486061d37734ccc2b7e25dd9cb1fbc27c81033f9c616c929e0bfcbe6b52313,0.010351370903663337,See configs/phase_audit.json
max,imported,2052,179,1659,1148,2052,0,390b70a6bbd5cbe34e637b99a0649f1c1d76cca349b474fbbf7c565cbd0fc6e3,6e3eb752d2d441880cad4705bb660268ee5b9f204207ebb7133f4ea2628fd95f,True,results/generated/cec/lowering/imported/max.cec.txt,results/reference/lowering/imported/max.blif,8ea680957261a3f7b7237dfcb792eb8711d13429e5db2a778d781992f8bcfd11,0.08140431705396622,See configs/phase_audit.json
max,mixed,,,,,,,390b70a6bbd5cbe34e637b99a0649f1c1d76cca349b474fbbf7c565cbd0fc6e3,6e3eb752d2d441880cad4705bb660268ee5b9f204207ebb7133f4ea2628fd95f,True,results/generated/cec/lowering/mixed/max.cec.txt,results/reference/lowering/mixed/max.blif,b6d2ac629347d820b5c4f6ec964089b35d22c54f8c68a716fe9aed6e367553cf,0.08140431705396622,See configs/phase_audit.json
max,native,2052,179,1584,1013,1982,70,390b70a6bbd5cbe34e637b99a0649f1c1d76cca349b474fbbf7c565cbd0fc6e3,5ef67446edebffef333c82a5f7e922ddd85807dfc4da47a4649434a665ae08ea,True,results/generated/cec/lowering/native/max.cec.txt,results/reference/lowering/native/max.blif,d81b273a14761d0e39a4b114d76a79946ad5f96137ee6481dfda3abf14287d3f,0.08140431705396622,See configs/phase_audit.json
max,lowered_raw,2052,179,1693,1122,2052,0,390b70a6bbd5cbe34e637b99a0649f1c1d76cca349b474fbbf7c565cbd0fc6e3,6e3eb752d2d441880cad4705bb660268ee5b9f204207ebb7133f4ea2628fd95f,True,results/generated/cec/lowering/lowered_raw/max.cec.txt,results/reference/lowering/lowered_raw/max.blif,328ef0b403f182c79df9af3b08b34e8eb1d7b88fda5db4c02b0fdc0813282d02,0.08140431705396622,See configs/phase_audit.json
max,lowered_phase,2052,179,1657,1086,2052,0,390b70a6bbd5cbe34e637b99a0649f1c1d76cca349b474fbbf7c565cbd0fc6e3,6e3eb752d2d441880cad4705bb660268ee5b9f204207ebb7133f4ea2628fd95f,True,results/generated/cec/lowering/lowered_phase/max.cec.txt,results/reference/lowering/lowered_phase/max.blif,5b42e715240780e33c058ed27a0f276e0362e6267b9d69ab5156aec1f8a26a86,0.08140431705396622,See configs/phase_audit.json
priority,imported,356,52,356,146,356,0,e494cb0a661bd5f109b16a3677d1d0f8d5fc4c8496091c409500d384160e61dd,8fddefd0ade28cac3ffa7963ed751df7146b2b62a1002909921d29ae20e8b1bb,True,results/generated/cec/lowering/imported/priority.cec.txt,results/reference/lowering/imported/priority.blif,e317d6189d85483d36ebba5975aeb1ea547b45d1fd88edb06c81b0d9675eea48,0.01781075494363904,See configs/phase_audit.json
priority,mixed,,,,,,,e494cb0a661bd5f109b16a3677d1d0f8d5fc4c8496091c409500d384160e61dd,8fddefd0ade28cac3ffa7963ed751df7146b2b62a1002909921d29ae20e8b1bb,True,results/generated/cec/lowering/mixed/priority.cec.txt,results/reference/lowering/mixed/priority.blif,5b3ef09e1abc67c3ab34e0b93800eedcc7b80df4c210b2884e86eb7de4b6e9fc,0.01781075494363904,See configs/phase_audit.json
priority,native,356,52,342,129,342,14,e494cb0a661bd5f109b16a3677d1d0f8d5fc4c8496091c409500d384160e61dd,8fa8eb43470f73c7fa1b1c7e7a1cec229022eb2b7660880d2a5f59c215c1bc21,True,results/generated/cec/lowering/native/priority.cec.txt,results/reference/lowering/native/priority.blif,dad813f3bfaef6c87ed6c260523c4ac9013dc5fad9106c746f58e749c65b4c89,0.01781075494363904,See configs/phase_audit.json
priority,lowered_raw,356,52,357,144,356,0,e494cb0a661bd5f109b16a3677d1d0f8d5fc4c8496091c409500d384160e61dd,8fddefd0ade28cac3ffa7963ed751df7146b2b62a1002909921d29ae20e8b1bb,True,results/generated/cec/lowering/lowered_raw/priority.cec.txt,results/reference/lowering/lowered_raw/priority.blif,72920e8c1eb6387d1b737ce535ccef94fd7b767a7afbdeb2fb4728603beaff74,0.01781075494363904,See configs/phase_audit.json
priority,lowered_phase,356,52,357,144,356,0,e494cb0a661bd5f109b16a3677d1d0f8d5fc4c8496091c409500d384160e61dd,8fddefd0ade28cac3ffa7963ed751df7146b2b62a1002909921d29ae20e8b1bb,True,results/generated/cec/lowering/lowered_phase/priority.cec.txt,results/reference/lowering/lowered_phase/priority.blif,72920e8c1eb6387d1b737ce535ccef94fd7b767a7afbdeb2fb4728603beaff74,0.01781075494363904,See configs/phase_audit.json
router,imported,134,18,76,59,134,0,b37ac946564da889747becdbda51c8511bb3a0711979671456aea4bf8c6d4fd3,f85d13b980e6daf7e3adb6187d5b4a28e6abddb32307a70003ba4410d547866a,True,results/generated/cec/lowering/imported/router.cec.txt,results/reference/lowering/imported/router.blif,9fbde538010ec41371c675e9a4f2b4b054a62977b8b56ebc4595cb4156d046dc,0.010044166003353894,See configs/phase_audit.json
router,mixed,,,,,,,b37ac946564da889747becdbda51c8511bb3a0711979671456aea4bf8c6d4fd3,f85d13b980e6daf7e3adb6187d5b4a28e6abddb32307a70003ba4410d547866a,True,results/generated/cec/lowering/mixed/router.cec.txt,results/reference/lowering/mixed/router.blif,2c3a2f9da16ef6b019579e40fc236e688e0392a1b6e555fabdb14e67e451d748,0.010044166003353894,See configs/phase_audit.json
router,native,134,18,65,37,124,10,b37ac946564da889747becdbda51c8511bb3a0711979671456aea4bf8c6d4fd3,ae07fc5c9c13763815bf531bac2fe8a56f0fb4f40126a77eb4743bdc37a2a11d,True,results/generated/cec/lowering/native/router.cec.txt,results/reference/lowering/native/router.blif,a487c555d53e74c9b5a5e87abea901e56dd047e3531367be5ffb6e591fa1c8cd,0.010044166003353894,See configs/phase_audit.json
router,lowered_raw,134,18,75,47,134,0,b37ac946564da889747becdbda51c8511bb3a0711979671456aea4bf8c6d4fd3,f85d13b980e6daf7e3adb6187d5b4a28e6abddb32307a70003ba4410d547866a,True,results/generated/cec/lowering/lowered_raw/router.cec.txt,results/reference/lowering/lowered_raw/router.blif,d2828d487eda03b6763d65d2113dd43e2dad8e4ed236181bd95ed72764cc69ed,0.010044166003353894,See configs/phase_audit.json
router,lowered_phase,134,18,75,47,134,0,b37ac946564da889747becdbda51c8511bb3a0711979671456aea4bf8c6d4fd3,f85d13b980e6daf7e3adb6187d5b4a28e6abddb32307a70003ba4410d547866a,True,results/generated/cec/lowering/lowered_phase/router.cec.txt,results/reference/lowering/lowered_phase/router.blif,d2828d487eda03b6763d65d2113dd43e2dad8e4ed236181bd95ed72764cc69ed,0.010044166003353894,See configs/phase_audit.json
voter,imported,4182,42,2820,2508,4182,0,ee88cfd6a03443c86e9548577e60ea7444cc986a08c615c23fe2f421ac38a5cc,76c6cdb44265541a708acf1fd37e42d85b468307c3832c006118d5c2a73bbacd,True,results/generated/cec/lowering/imported/voter.cec.txt,results/reference/lowering/imported/voter.blif,d8d6ce20812a4a146d30c2663f60bd91fa3476d3f1e92e9cace286ca858f9ca7,0.15742862795013934,See configs/phase_audit.json
voter,mixed,,,,,,,ee88cfd6a03443c86e9548577e60ea7444cc986a08c615c23fe2f421ac38a5cc,76c6cdb44265541a708acf1fd37e42d85b468307c3832c006118d5c2a73bbacd,True,results/generated/cec/lowering/mixed/voter.cec.txt,results/reference/lowering/mixed/voter.blif,390aebe9f4b5864c375a50619c5c1c4f502be3528014b9fa185edebcb8f4f228,0.15742862795013934,See configs/phase_audit.json
voter,native,4182,42,2758,2425,4126,56,ee88cfd6a03443c86e9548577e60ea7444cc986a08c615c23fe2f421ac38a5cc,2e79f54f1f95aefcf5e91b9999ad8d6188ddd757700e3e0a9886cff664986103,True,results/generated/cec/lowering/native/voter.cec.txt,results/reference/lowering/native/voter.blif,2d0bececaa0440ea5660f9e91d8e3da8016a9ee81338f82c5a36f0e7079ca32f,0.15742862795013934,See configs/phase_audit.json
voter,lowered_raw,4182,42,2858,2525,4182,0,ee88cfd6a03443c86e9548577e60ea7444cc986a08c615c23fe2f421ac38a5cc,76c6cdb44265541a708acf1fd37e42d85b468307c3832c006118d5c2a73bbacd,True,results/generated/cec/lowering/lowered_raw/voter.cec.txt,results/reference/lowering/lowered_raw/voter.blif,134798949749dc0d44b086c49365ef43b8eacad0371a9f95b868cfeae105df47,0.15742862795013934,See configs/phase_audit.json
voter,lowered_phase,4182,42,2826,2490,4182,0,ee88cfd6a03443c86e9548577e60ea7444cc986a08c615c23fe2f421ac38a5cc,76c6cdb44265541a708acf1fd37e42d85b468307c3832c006118d5c2a73bbacd,True,results/generated/cec/lowering/lowered_phase/voter.cec.txt,results/reference/lowering/lowered_phase/voter.blif,cff87dfd09fa6afae38f24e585727841ffec73abf41b317df9cfc7a260077598,0.15742862795013934,See configs/phase_audit.json
