benchmark,seed,stage1_blif,sha256
adder,1,results/reference/m_stage1/adder.blif,493b2463a306dec34ceb4d8d7576ae317a317ae1c7fe7d3e00680f6caa77649d
arbiter,1,results/reference/m_stage1/arbiter.blif,12ba7596a36ed406459eec154821e76ad239d489654660badd4e86ad566f47be
bar,2,results/reference/m_stage1/bar.blif,90cdd512c95030e9065692e51c36d20c3c938ea41527665a2e98579772abecd0
cavlc,1,results/reference/m_stage1/cavlc.blif,fbb4e557e8531eee7c275d878d4514968e9edc7e4cbe0c3f031e9056c7787881
ctrl,3,results/reference/m_stage1/ctrl.blif,96fb84f9348e6cf4efea3458f580954a6705e924b12a3712791fd8d81ff317db
dec,1,results/reference/m_stage1/dec.blif,7ab640d5547f0e896a52211825b49c9f7190d02065164a6d8b540844f9ea23b8
i2c,3,results/reference/m_stage1/i2c.blif,f9fbbb8d5070a0bed74ba1af365ee4a364c02d6d7928dfa78b769d2035c30bdf
int2float,3,results/reference/m_stage1/int2float.blif,cb0fdf4d60ca415cc62236814b84f83e226081b645286fdddab68f9a5595c37a
max,1,results/reference/m_stage1/max.blif,8511da37bbdeef206bdd1ad12eec673dc98309387ed9146d7be2f9a8968a576e
priority,2,results/reference/m_stage1/priority.blif,739b7a16f2799ca8b3e7ee9f55ecc0f2820ad5e100ed447193f0987f41449831
router,2,results/reference/m_stage1/router.blif,8526aa01c3bf4040209bf367006f4e25982bd3ebab897f4f508e1c1076288dc2
voter,1,results/reference/m_stage1/voter.blif,ee77c7ea98e1f6a2f18662a103f9877bb2e7538a3754a4441ac07ede28558dc8
