benchmark,stage,G,D,topology_hash,gate_type_hash,MIN_count,I_nonconst
adder,imported,384,129,a609f6577e2496938055cd7bbb76ea8e2fcaf809312285351d1d6d12a2c6ad93,50281ff1ce7d63b4de333b789f0850ae2ce26c42f311ee859c24268c780915c7,0,255
adder,native,384,129,a609f6577e2496938055cd7bbb76ea8e2fcaf809312285351d1d6d12a2c6ad93,50281ff1ce7d63b4de333b789f0850ae2ce26c42f311ee859c24268c780915c7,0,255
adder,lowered_raw,384,129,a609f6577e2496938055cd7bbb76ea8e2fcaf809312285351d1d6d12a2c6ad93,50281ff1ce7d63b4de333b789f0850ae2ce26c42f311ee859c24268c780915c7,0,255
adder,lowered_phase,384,129,a609f6577e2496938055cd7bbb76ea8e2fcaf809312285351d1d6d12a2c6ad93,50281ff1ce7d63b4de333b789f0850ae2ce26c42f311ee859c24268c780915c7,0,255
arbiter,imported,3597,25,cf04bd720f5afa0fc1d261dc62169ab899453b67c15a089bf95f63027826b598,4688b7f3f9ea3d10633a5f5b13cce6b6aa5495b0ac8c961da9dbe5e562f9889d,0,1717
arbiter,native,3597,25,cf04bd720f5afa0fc1d261dc62169ab899453b67c15a089bf95f63027826b598,676e30ef55995037e12a6760ec041887445be4e87d45eed3c7b71192704a48fb,205,987
arbiter,lowered_raw,3597,25,cf04bd720f5afa0fc1d261dc62169ab899453b67c15a089bf95f63027826b598,4688b7f3f9ea3d10633a5f5b13cce6b6aa5495b0ac8c961da9dbe5e562f9889d,0,1273
arbiter,lowered_phase,3597,25,cf04bd720f5afa0fc1d261dc62169ab899453b67c15a089bf95f63027826b598,4688b7f3f9ea3d10633a5f5b13cce6b6aa5495b0ac8c961da9dbe5e562f9889d,0,1194
bar,imported,2464,17,584e233ea37ef46de889133552427254995faa3686e634a35b2d7cfaabca3a85,928471f98ccaf518a63a6b7fc9ff8f7be22dd1f69fcbf59eb4c4e9e3b18080d7,0,845
bar,native,2464,17,584e233ea37ef46de889133552427254995faa3686e634a35b2d7cfaabca3a85,2e4be6d53117a2ac3990086cb6e6fa9edcb4b224b5d670a73fdce6732c87438a,45,624
bar,lowered_raw,2464,17,584e233ea37ef46de889133552427254995faa3686e634a35b2d7cfaabca3a85,928471f98ccaf518a63a6b7fc9ff8f7be22dd1f69fcbf59eb4c4e9e3b18080d7,0,836
bar,lowered_phase,2464,17,584e233ea37ef46de889133552427254995faa3686e634a35b2d7cfaabca3a85,928471f98ccaf518a63a6b7fc9ff8f7be22dd1f69fcbf59eb4c4e9e3b18080d7,0,672
cavlc,imported,524,15,b33180c0940079ca17e2eea409282051e02bba461dde66a08f1bea92787c2791,b14295a7e8df99dc88dccf9c5a92194ed0e77b9367cdd25994d63fd9a90139a4,0,278
cavlc,native,524,15,b33180c0940079ca17e2eea409282051e02bba461dde66a08f1bea92787c2791,f72522c94a51d1712ec5a6fd45818a900b9ade33b9a5a85f277375e0c0d3e150,57,180
cavlc,lowered_raw,524,15,b33180c0940079ca17e2eea409282051e02bba461dde66a08f1bea92787c2791,b14295a7e8df99dc88dccf9c5a92194ed0e77b9367cdd25994d63fd9a90139a4,0,253
cavlc,lowered_phase,524,15,b33180c0940079ca17e2eea409282051e02bba461dde66a08f1bea92787c2791,b14295a7e8df99dc88dccf9c5a92194ed0e77b9367cdd25994d63fd9a90139a4,0,239
ctrl,imported,64,8,7d2e295f15b581116aa2d7d2fe401f75e762f57eca7e1df62d6fb28255790d82,0b20245a8d545c8bb6082c487e67d569b7d1dc2b580cbd4f98a90e60c9de8b98,0,28
ctrl,native,64,8,7d2e295f15b581116aa2d7d2fe401f75e762f57eca7e1df62d6fb28255790d82,a0c8cd27d8d0a82ef1d466fc20cfc82023f491a25bd764d9e534616ec90f4703,1,27
ctrl,lowered_raw,64,8,7d2e295f15b581116aa2d7d2fe401f75e762f57eca7e1df62d6fb28255790d82,0b20245a8d545c8bb6082c487e67d569b7d1dc2b580cbd4f98a90e60c9de8b98,0,28
ctrl,lowered_phase,64,8,7d2e295f15b581116aa2d7d2fe401f75e762f57eca7e1df62d6fb28255790d82,0b20245a8d545c8bb6082c487e67d569b7d1dc2b580cbd4f98a90e60c9de8b98,0,28
dec,imported,304,3,fd908bd6811a0abcbd28a2565760830e298904b33a9d52e61681b152e723a8ae,46171ffac629438d127eb9d1d1e075d7ebeaec8d306ec4ee45dfc4c8960350bc,0,51
dec,native,304,3,fd908bd6811a0abcbd28a2565760830e298904b33a9d52e61681b152e723a8ae,bd8f78f7f726333642a6fc7139b6a864fe9838bed95c734996ac39b812462911,4,8
dec,lowered_raw,304,3,fd908bd6811a0abcbd28a2565760830e298904b33a9d52e61681b152e723a8ae,46171ffac629438d127eb9d1d1e075d7ebeaec8d306ec4ee45dfc4c8960350bc,0,24
dec,lowered_phase,304,3,fd908bd6811a0abcbd28a2565760830e298904b33a9d52e61681b152e723a8ae,46171ffac629438d127eb9d1d1e075d7ebeaec8d306ec4ee45dfc4c8960350bc,0,16
i2c,imported,842,16,d975004ba5116029e0ef6d191e775df588e33f5d0706eeac64acb9c31f1370e9,37f86d250848a5b4b1460d06263d2ef6d63f53df7a4e537381ab98ebb8657244,0,527
i2c,native,842,16,d975004ba5116029e0ef6d191e775df588e33f5d0706eeac64acb9c31f1370e9,ff5032de02a99640e8f1ab1c141e189ee83e3916b9d359bf8da2fa0a4ddf9324,129,282
i2c,lowered_raw,842,16,d975004ba5116029e0ef6d191e775df588e33f5d0706eeac64acb9c31f1370e9,37f86d250848a5b4b1460d06263d2ef6d63f53df7a4e537381ab98ebb8657244,0,440
i2c,lowered_phase,842,16,d975004ba5116029e0ef6d191e775df588e33f5d0706eeac64acb9c31f1370e9,37f86d250848a5b4b1460d06263d2ef6d63f53df7a4e537381ab98ebb8657244,0,416
int2float,imported,167,10,4254ef87ee9525baf34985f3538eb40d51c01980957ea5a4aa4a3454ac90316b,edbca70a81b4bc3db292db1edfa5ab984305b9f952d3c2114a3cd5311a299651,0,93
int2float,native,167,10,4254ef87ee9525baf34985f3538eb40d51c01980957ea5a4aa4a3454ac90316b,366f357134725f6ef85fa39ef1d3fc8b4cb96eee9e49239762d480cbc9550a56,25,54
int2float,lowered_raw,167,10,4254ef87ee9525baf34985f3538eb40d51c01980957ea5a4aa4a3454ac90316b,edbca70a81b4bc3db292db1edfa5ab984305b9f952d3c2114a3cd5311a299651,0,81
int2float,lowered_phase,167,10,4254ef87ee9525baf34985f3538eb40d51c01980957ea5a4aa4a3454ac90316b,edbca70a81b4bc3db292db1edfa5ab984305b9f952d3c2114a3cd5311a299651,0,81
max,imported,2052,179,390b70a6bbd5cbe34e637b99a0649f1c1d76cca349b474fbbf7c565cbd0fc6e3,6e3eb752d2d441880cad4705bb660268ee5b9f204207ebb7133f4ea2628fd95f,0,1148
max,native,2052,179,390b70a6bbd5cbe34e637b99a0649f1c1d76cca349b474fbbf7c565cbd0fc6e3,5ef67446edebffef333c82a5f7e922ddd85807dfc4da47a4649434a665ae08ea,70,1013
max,lowered_raw,2052,179,390b70a6bbd5cbe34e637b99a0649f1c1d76cca349b474fbbf7c565cbd0fc6e3,6e3eb752d2d441880cad4705bb660268ee5b9f204207ebb7133f4ea2628fd95f,0,1122
max,lowered_phase,2052,179,390b70a6bbd5cbe34e637b99a0649f1c1d76cca349b474fbbf7c565cbd0fc6e3,6e3eb752d2d441880cad4705bb660268ee5b9f204207ebb7133f4ea2628fd95f,0,1086
priority,imported,356,52,e494cb0a661bd5f109b16a3677d1d0f8d5fc4c8496091c409500d384160e61dd,8fddefd0ade28cac3ffa7963ed751df7146b2b62a1002909921d29ae20e8b1bb,0,146
priority,native,356,52,e494cb0a661bd5f109b16a3677d1d0f8d5fc4c8496091c409500d384160e61dd,8fa8eb43470f73c7fa1b1c7e7a1cec229022eb2b7660880d2a5f59c215c1bc21,14,129
priority,lowered_raw,356,52,e494cb0a661bd5f109b16a3677d1d0f8d5fc4c8496091c409500d384160e61dd,8fddefd0ade28cac3ffa7963ed751df7146b2b62a1002909921d29ae20e8b1bb,0,144
priority,lowered_phase,356,52,e494cb0a661bd5f109b16a3677d1d0f8d5fc4c8496091c409500d384160e61dd,8fddefd0ade28cac3ffa7963ed751df7146b2b62a1002909921d29ae20e8b1bb,0,144
router,imported,134,18,b37ac946564da889747becdbda51c8511bb3a0711979671456aea4bf8c6d4fd3,f85d13b980e6daf7e3adb6187d5b4a28e6abddb32307a70003ba4410d547866a,0,59
router,native,134,18,b37ac946564da889747becdbda51c8511bb3a0711979671456aea4bf8c6d4fd3,ae07fc5c9c13763815bf531bac2fe8a56f0fb4f40126a77eb4743bdc37a2a11d,10,37
router,lowered_raw,134,18,b37ac946564da889747becdbda51c8511bb3a0711979671456aea4bf8c6d4fd3,f85d13b980e6daf7e3adb6187d5b4a28e6abddb32307a70003ba4410d547866a,0,47
router,lowered_phase,134,18,b37ac946564da889747becdbda51c8511bb3a0711979671456aea4bf8c6d4fd3,f85d13b980e6daf7e3adb6187d5b4a28e6abddb32307a70003ba4410d547866a,0,47
voter,imported,4182,42,ee88cfd6a03443c86e9548577e60ea7444cc986a08c615c23fe2f421ac38a5cc,76c6cdb44265541a708acf1fd37e42d85b468307c3832c006118d5c2a73bbacd,0,2508
voter,native,4182,42,ee88cfd6a03443c86e9548577e60ea7444cc986a08c615c23fe2f421ac38a5cc,2e79f54f1f95aefcf5e91b9999ad8d6188ddd757700e3e0a9886cff664986103,56,2425
voter,lowered_raw,4182,42,ee88cfd6a03443c86e9548577e60ea7444cc986a08c615c23fe2f421ac38a5cc,76c6cdb44265541a708acf1fd37e42d85b468307c3832c006118d5c2a73bbacd,0,2525
voter,lowered_phase,4182,42,ee88cfd6a03443c86e9548577e60ea7444cc986a08c615c23fe2f421ac38a5cc,76c6cdb44265541a708acf1fd37e42d85b468307c3832c006118d5c2a73bbacd,0,2490
