benchmark,seed,rounds_attempted,target_m_runtime_s,p_time_runtime_s,budget_reached,G,D,I_raw,I_nonconst,MAJ_count,MIN_count,LUT6,LUT_depth,ABC_CEC,output_path,sha256,cec_transcript
adder,1,2,0.486898688133806,0.6069398351246491,True,384,129,256,255,384,0,250,122,True,archived path omitted,493b2463a306dec34ceb4d8d7576ae317a317ae1c7fe7d3e00680f6caa77649d,archived path omitted
arbiter,1,18,40.07878390501719,41.15284896735102,True,3632,24,2413,1026,3632,0,1494,16,True,archived path omitted,9606d8ca0f04ecfd457bcd5e8198bd296c99e2e6914837d8dde05f2439c817ba,archived path omitted
bar,2,11,15.122796472976916,16.092937231995165,True,2454,17,1262,689,2454,0,534,6,True,archived path omitted,74c052b3f1043aa1d4107998ca644475ae5c412b402f8b1537cc875aa451784e,archived path omitted
cavlc,1,8,14.749662566930056,16.526708389050327,True,519,14,370,246,519,0,174,8,True,archived path omitted,871698a63fa1e1a61d3e130cbd2ff9578f57eb2a6aa33fd356324a91b2a38b2b,archived path omitted
ctrl,3,3,0.3348371881293133,0.3838295090245083,True,65,8,38,29,65,0,30,3,True,archived path omitted,43950d71f078b95e06712ada68389bf0299e4cf198163b3a90fcf81e4511b047,archived path omitted
dec,1,6,0.9376600929535925,0.9664137698709965,True,304,3,16,16,304,0,287,2,True,archived path omitted,ee386ef7ea22faab146262f21b4028a5f82fceef7d34ad88fdea60d2b98a7a27,archived path omitted
i2c,3,13,5.794441157137044,6.137782608042471,True,844,15,683,405,844,0,306,9,True,archived path omitted,3444f742472f721207b33501df843b4454c029d5e5385061ed1ed60417cf64c5,archived path omitted
int2float,3,4,0.9542492559412494,1.0794067970709875,True,168,14,121,78,168,0,53,6,True,archived path omitted,d8c4da8b5d65fb8fb12a2521f94c8928ce5ded55c2741dd96c9e2da6c9ebe32c,archived path omitted
max,1,20,72.34588421497028,28.17611178092193,False,2043,186,1642,1085,2043,0,702,120,True,archived path omitted,d40c58a1f1b3b234ab7d761db4851dad827f70003d095ae6ede30386c589450a,archived path omitted
priority,2,9,1.9920993159757927,2.122965021757409,True,369,62,368,150,369,0,144,23,True,archived path omitted,c69854b4fb7fb5459b50a7d707b1134c6cf1cd3aac701ae52e48867701558302,archived path omitted
router,2,4,0.5208876399556175,0.5484168248949572,True,136,15,77,43,136,0,72,8,True,archived path omitted,c06f45d451ec907bdcde2d9c89a694b437142c8e0d128c014bf7c11099d21f3a,archived path omitted
voter,1,20,86.5508465640014,50.13275004201569,False,4218,42,2854,2482,4218,0,1783,20,True,archived path omitted,0a3f6b5af6e1d52266312e446b1acb6983c8c002e87338c87df670e983cea870,archived path omitted
