benchmark,seed,start_sha256,source_sha256,flow,G,D,I_raw,I_nonconst,MAJ_count,MIN_count,total_edges,LUT6,LUT_depth,runtime_s,ABC_CEC,output_path,output_sha256,cec_transcript
adder,1,493b2463a306dec34ceb4d8d7576ae317a317ae1c7fe7d3e00680f6caa77649d,3126ec3f60fa4a37ac94fa5e70aa8706aac79ccf316ddaa09ed70db33625d472,T,384,129,256,255,384,0,1281,250,122,0.010121,True,results/reference/networks/T/adder.blif,493b2463a306dec34ceb4d8d7576ae317a317ae1c7fe7d3e00680f6caa77649d,results/generated/cec/T/adder.cec.txt
adder,1,493b2463a306dec34ceb4d8d7576ae317a317ae1c7fe7d3e00680f6caa77649d,3126ec3f60fa4a37ac94fa5e70aa8706aac79ccf316ddaa09ed70db33625d472,M,384,129,256,255,384,0,1281,250,122,0.486898688133806,True,results/reference/networks/M/adder.blif,493b2463a306dec34ceb4d8d7576ae317a317ae1c7fe7d3e00680f6caa77649d,results/generated/cec/M/adder.cec.txt
adder,1,493b2463a306dec34ceb4d8d7576ae317a317ae1c7fe7d3e00680f6caa77649d,3126ec3f60fa4a37ac94fa5e70aa8706aac79ccf316ddaa09ed70db33625d472,P,384,129,256,255,384,0,1281,250,122,0.326859999098815,True,results/reference/networks/P/adder.blif,493b2463a306dec34ceb4d8d7576ae317a317ae1c7fe7d3e00680f6caa77649d,results/generated/cec/P/adder.cec.txt
arbiter,1,756c3248b1183904cc3f5f47b46e681ef52cbc54b903d9e7ce432522df32ca9f,bf808364cacf4ccf38f9fdbfec39e33a407681b0cdf65783613ad8466b1c1499,T,3647,24,2511,1079,3647,0,11070,1496,16,0.078153,True,results/reference/networks/T/arbiter.blif,2a154fcd76b897af1acc8dd6a935a0c5ea42aa7e18ae3e801a370989971c2ed0,results/generated/cec/T/arbiter.cec.txt
arbiter,1,756c3248b1183904cc3f5f47b46e681ef52cbc54b903d9e7ce432522df32ca9f,bf808364cacf4ccf38f9fdbfec39e33a407681b0cdf65783613ad8466b1c1499,M,3597,25,2387,987,3392,205,10920,1527,15,40.07878390501719,True,results/reference/networks/M/arbiter.blif,b75ecce5f6143ac6611facace76c70eecb40414f1900c478b0e71d113ef29116,results/generated/cec/M/arbiter.cec.txt
arbiter,1,756c3248b1183904cc3f5f47b46e681ef52cbc54b903d9e7ce432522df32ca9f,bf808364cacf4ccf38f9fdbfec39e33a407681b0cdf65783613ad8466b1c1499,P,3632,24,2413,1026,3632,0,11025,1494,16,4.988699228153564,True,results/reference/networks/P/arbiter.blif,9606d8ca0f04ecfd457bcd5e8198bd296c99e2e6914837d8dde05f2439c817ba,results/generated/cec/P/arbiter.cec.txt
bar,2,0be0af8ca7a22faa9aafaf2e3840dccceca3ac2a45668194ae5ab485f07c8a55,cbda4fc7dffda03ace50aa1d329ca81b0b597c6f52c480f12c5dfa3b93437a4b,T,2511,14,1199,486,2511,0,7661,540,6,0.042363,True,results/reference/networks/T/bar.blif,53e5807abc107752fb0f3888433c49755d051371c6c6a598d6dfbce8c15c5ffc,results/generated/cec/T/bar.cec.txt
bar,2,0be0af8ca7a22faa9aafaf2e3840dccceca3ac2a45668194ae5ab485f07c8a55,cbda4fc7dffda03ace50aa1d329ca81b0b597c6f52c480f12c5dfa3b93437a4b,M,2464,17,1210,624,2419,45,7520,536,6,15.122796472976916,True,results/reference/networks/M/bar.blif,7438f7b2ca1b610a674bd01d3c718e4a23de90d0e68cf89da8a871a0514e31a3,results/generated/cec/M/bar.cec.txt
bar,2,0be0af8ca7a22faa9aafaf2e3840dccceca3ac2a45668194ae5ab485f07c8a55,cbda4fc7dffda03ace50aa1d329ca81b0b597c6f52c480f12c5dfa3b93437a4b,P,2460,17,1258,675,2460,0,7508,531,6,3.1493402069900185,True,results/reference/networks/P/bar.blif,c8b7c7af70291fa4194c8deccc6a6644e2c3bf35173c43be7320efb44476a0d7,results/generated/cec/P/bar.cec.txt
cavlc,1,b1712c7664178327f89041d9142f1183c25ab8b81fd1f2ad34185253003c7b84,4fa57f4dd3064e2e5acb444577dcc99b8db1eb8d41dbbe11d3ecd7d22fa4107f,T,534,14,380,253,534,0,1613,169,8,0.012194,True,results/reference/networks/T/cavlc.blif,f4740d8aea14544d8053386f66d6f1bd9896f3fa19714bb1452a69516c7af215,results/generated/cec/T/cavlc.cec.txt
cavlc,1,b1712c7664178327f89041d9142f1183c25ab8b81fd1f2ad34185253003c7b84,4fa57f4dd3064e2e5acb444577dcc99b8db1eb8d41dbbe11d3ecd7d22fa4107f,M,524,15,315,180,467,57,1583,170,8,14.749662566930056,True,results/reference/networks/M/cavlc.blif,784506a54473014aecfbb46250f7d16642ec62095aabc0601b73207e6a83a346,results/generated/cec/M/cavlc.cec.txt
cavlc,1,b1712c7664178327f89041d9142f1183c25ab8b81fd1f2ad34185253003c7b84,4fa57f4dd3064e2e5acb444577dcc99b8db1eb8d41dbbe11d3ecd7d22fa4107f,P,527,15,379,243,527,0,1592,167,9,4.167023799032904,True,results/reference/networks/P/cavlc.blif,ac2906867187c50ecd4fcf95ffb5c2e7945b4c4ad8810e830c915bf83517e395,results/generated/cec/P/cavlc.cec.txt
ctrl,3,6aae638dce8ccc781044320a6cdf50af643d621c7b1fe850827e3ddaa28b9214,659c64bb6f9d5643b817c41f4f6d34f1aa25c4fc5924e81e2001618e5f7ffe62,T,66,8,39,29,66,0,224,30,3,0.004889,True,results/reference/networks/T/ctrl.blif,6aae638dce8ccc781044320a6cdf50af643d621c7b1fe850827e3ddaa28b9214,results/generated/cec/T/ctrl.cec.txt
ctrl,3,6aae638dce8ccc781044320a6cdf50af643d621c7b1fe850827e3ddaa28b9214,659c64bb6f9d5643b817c41f4f6d34f1aa25c4fc5924e81e2001618e5f7ffe62,M,64,8,36,27,63,1,218,30,3,0.3348371881293133,True,results/reference/networks/M/ctrl.blif,4963ef7d9c0b175e337b7a382ad366d9738e2e464f65d8e9334d6e49d5cb6815,results/generated/cec/M/ctrl.cec.txt
ctrl,3,6aae638dce8ccc781044320a6cdf50af643d621c7b1fe850827e3ddaa28b9214,659c64bb6f9d5643b817c41f4f6d34f1aa25c4fc5924e81e2001618e5f7ffe62,P,65,8,38,29,65,0,221,30,3,0.271193438093178,True,results/reference/networks/P/ctrl.blif,43950d71f078b95e06712ada68389bf0299e4cf198163b3a90fcf81e4511b047,results/generated/cec/P/ctrl.cec.txt
dec,1,4551813d23f6c65a2fff94bf651d006f82d550b064c6dedf5c721ebd09060dee,47cd7abc0e02c47e56c148040027eb8d6c054d3c89265310e5001f79393468bf,T,304,3,16,16,304,0,1168,287,2,0.012348,True,results/reference/networks/T/dec.blif,ee386ef7ea22faab146262f21b4028a5f82fceef7d34ad88fdea60d2b98a7a27,results/generated/cec/T/dec.cec.txt
dec,1,4551813d23f6c65a2fff94bf651d006f82d550b064c6dedf5c721ebd09060dee,47cd7abc0e02c47e56c148040027eb8d6c054d3c89265310e5001f79393468bf,M,304,3,12,8,300,4,1168,287,2,0.9376600929535925,True,results/reference/networks/M/dec.blif,ee386ef7ea22faab146262f21b4028a5f82fceef7d34ad88fdea60d2b98a7a27,results/generated/cec/M/dec.cec.txt
dec,1,4551813d23f6c65a2fff94bf651d006f82d550b064c6dedf5c721ebd09060dee,47cd7abc0e02c47e56c148040027eb8d6c054d3c89265310e5001f79393468bf,P,304,3,16,16,304,0,1168,287,2,0.18460134591441602,True,results/reference/networks/P/dec.blif,ee386ef7ea22faab146262f21b4028a5f82fceef7d34ad88fdea60d2b98a7a27,results/generated/cec/P/dec.cec.txt
i2c,3,e1414bd1e9d9df71ca398a2e7e1f30547c31e0694c9b2e03f046df1312c4ed04,9a600ae50bbfd998251310c0432374b8bfad5adc1c8c89ea75e1e640e70cd999,T,855,13,707,409,855,0,2707,305,9,0.018682,True,results/reference/networks/T/i2c.blif,5d8d4dc20611b2dc58a0fdc1c79d1a7c9601dc5caaf6799b33340e9ac0513241,results/generated/cec/T/i2c.cec.txt
i2c,3,e1414bd1e9d9df71ca398a2e7e1f30547c31e0694c9b2e03f046df1312c4ed04,9a600ae50bbfd998251310c0432374b8bfad5adc1c8c89ea75e1e640e70cd999,M,842,16,552,282,713,129,2668,299,7,5.794441157137044,True,results/reference/networks/M/i2c.blif,76ad93869f11056791eb52d635a60fafaeb822d6c647a7637549340b6de10dc2,results/generated/cec/M/i2c.cec.txt
i2c,3,e1414bd1e9d9df71ca398a2e7e1f30547c31e0694c9b2e03f046df1312c4ed04,9a600ae50bbfd998251310c0432374b8bfad5adc1c8c89ea75e1e640e70cd999,P,848,15,686,401,848,0,2686,297,7,1.0154196050716564,True,results/reference/networks/P/i2c.blif,68f9aaa8b8a2633f3c366dd3df23a21c253786d9862c35645d74fa44c34ff7b6,results/generated/cec/P/i2c.cec.txt
int2float,3,df30112d81fddc3ab49cf159a03123581845da1fa7f91fe4e1f0e0e7b4a829e5,efcdc03a007ff142c97dd083b1db5cba3378669862d02c8cc3cbb272225d5f85,T,176,11,121,76,176,0,535,51,5,0.007798,True,results/reference/networks/T/int2float.blif,07ca1aeee819d431394a9071a03c679317fe2b8d10504d56f49dff4f020edf81,results/generated/cec/T/int2float.cec.txt
int2float,3,df30112d81fddc3ab49cf159a03123581845da1fa7f91fe4e1f0e0e7b4a829e5,efcdc03a007ff142c97dd083b1db5cba3378669862d02c8cc3cbb272225d5f85,M,167,10,95,54,142,25,508,52,5,0.9542492559412494,True,results/reference/networks/M/int2float.blif,34ecdf28903f5058022374bb6ce13f2a8be5cbc095edcbe6d0b575eea575b02f,results/generated/cec/M/int2float.cec.txt
int2float,3,df30112d81fddc3ab49cf159a03123581845da1fa7f91fe4e1f0e0e7b4a829e5,efcdc03a007ff142c97dd083b1db5cba3378669862d02c8cc3cbb272225d5f85,P,169,13,122,79,169,0,514,53,5,0.5297359499381855,True,results/reference/networks/P/int2float.blif,c11ec1a4287450d860770f43a017518fad0f7dc88306ba691374628958fd92ac,results/generated/cec/P/int2float.cec.txt
max,1,5af3f14a7707c6b4f26bc6054c3fea604026b3d5525411faa68080cf9ee314c8,9b64a56c5cc23a71aaf85e6c268a0f6d7d4af552235a7f109e0b5386032435c0,T,2179,146,1773,1153,2179,0,6667,732,102,0.046512,True,results/reference/networks/T/max.blif,43a929c6e1c7f46eaee4d0d5596369f9a75c7eb5e5a864992f0fcc1433c2245a,results/generated/cec/T/max.cec.txt
max,1,5af3f14a7707c6b4f26bc6054c3fea604026b3d5525411faa68080cf9ee314c8,9b64a56c5cc23a71aaf85e6c268a0f6d7d4af552235a7f109e0b5386032435c0,M,2052,179,1584,1013,1982,70,6286,703,116,72.34588421497028,True,results/reference/networks/M/max.blif,d81b273a14761d0e39a4b114d76a79946ad5f96137ee6481dfda3abf14287d3f,results/generated/cec/M/max.cec.txt
max,1,5af3f14a7707c6b4f26bc6054c3fea604026b3d5525411faa68080cf9ee314c8,9b64a56c5cc23a71aaf85e6c268a0f6d7d4af552235a7f109e0b5386032435c0,P,2093,191,1688,1102,2093,0,6409,707,116,3.2187574659474194,True,results/reference/networks/P/max.blif,27930cadf86270505a360d848fbc32420548382b4c972e4d61a07d96c108dcb5,results/generated/cec/P/max.cec.txt
priority,2,623df7e1ff9d7e3226aefb79e30cdd5a8cb1e548ab2f6b5f72171546ed1280b5,23a1d6777c9c6d08f7d8ef055e511f51c857719f41bf1e5a4eeb8514fae606fd,T,372,36,358,159,372,0,1124,145,20,0.00965,True,results/reference/networks/T/priority.blif,cfd2c9bb347486e420a3e183d6e97daa7eae98b3f26c87c7365ff642271dc0c0,results/generated/cec/T/priority.cec.txt
priority,2,623df7e1ff9d7e3226aefb79e30cdd5a8cb1e548ab2f6b5f72171546ed1280b5,23a1d6777c9c6d08f7d8ef055e511f51c857719f41bf1e5a4eeb8514fae606fd,M,356,52,342,129,342,14,1076,149,20,1.9920993159757927,True,results/reference/networks/M/priority.blif,dad813f3bfaef6c87ed6c260523c4ac9013dc5fad9106c746f58e749c65b4c89,results/generated/cec/M/priority.cec.txt
priority,2,623df7e1ff9d7e3226aefb79e30cdd5a8cb1e548ab2f6b5f72171546ed1280b5,23a1d6777c9c6d08f7d8ef055e511f51c857719f41bf1e5a4eeb8514fae606fd,P,369,62,368,150,369,0,1115,144,23,0.497618968016468,True,results/reference/networks/P/priority.blif,c69854b4fb7fb5459b50a7d707b1134c6cf1cd3aac701ae52e48867701558302,results/generated/cec/P/priority.cec.txt
router,2,91e7fd0335d77a922ed6798cb91a0610f8512eb9aadbe2a18f7d8c45b58c1eec,eabb05688bbb01fc623ce1c1d231d3356b47e82948a6b9537b39eab2d8f7aa0c,T,137,15,79,45,137,0,441,72,8,0.00543,True,results/reference/networks/T/router.blif,aae68f77739ec3681ecb079cd86fb7e1a393d1ac0a16e84e7eb527ed9be54eb6,results/generated/cec/T/router.cec.txt
router,2,91e7fd0335d77a922ed6798cb91a0610f8512eb9aadbe2a18f7d8c45b58c1eec,eabb05688bbb01fc623ce1c1d231d3356b47e82948a6b9537b39eab2d8f7aa0c,M,134,18,65,37,124,10,432,76,9,0.5208876399556175,True,results/reference/networks/M/router.blif,a487c555d53e74c9b5a5e87abea901e56dd047e3531367be5ffb6e591fa1c8cd,results/generated/cec/M/router.cec.txt
router,2,91e7fd0335d77a922ed6798cb91a0610f8512eb9aadbe2a18f7d8c45b58c1eec,eabb05688bbb01fc623ce1c1d231d3356b47e82948a6b9537b39eab2d8f7aa0c,P,136,15,77,43,136,0,438,72,8,0.14017640694510192,True,results/reference/networks/P/router.blif,c06f45d451ec907bdcde2d9c89a694b437142c8e0d128c014bf7c11099d21f3a,results/generated/cec/P/router.cec.txt
voter,1,903a3e94d3bdb7ccf195acec554941aedf9a37415d85d2cf402c2bd1de6dc8b5,542214e933efbcd563aebf9a3a7487dfb596c823af2e62f72b105b2dae1ed597,T,4289,47,2911,2789,4289,0,12868,1786,19,0.07945,True,results/reference/networks/T/voter.blif,14e6042a96a9b6a8c0169455173ec4fd5263ffbc138e368561d020e5590eda3c,results/generated/cec/T/voter.cec.txt
voter,1,903a3e94d3bdb7ccf195acec554941aedf9a37415d85d2cf402c2bd1de6dc8b5,542214e933efbcd563aebf9a3a7487dfb596c823af2e62f72b105b2dae1ed597,M,4182,42,2758,2425,4126,56,12547,1788,20,86.5508465640014,True,results/reference/networks/M/voter.blif,2d0bececaa0440ea5660f9e91d8e3da8016a9ee81338f82c5a36f0e7079ca32f,results/generated/cec/M/voter.cec.txt
voter,1,903a3e94d3bdb7ccf195acec554941aedf9a37415d85d2cf402c2bd1de6dc8b5,542214e933efbcd563aebf9a3a7487dfb596c823af2e62f72b105b2dae1ed597,P,4218,42,2854,2482,4218,0,12655,1783,20,5.58917514490895,True,results/reference/networks/P/voter.blif,0a3f6b5af6e1d52266312e446b1acb6983c8c002e87338c87df670e983cea870,results/generated/cec/P/voter.cec.txt
