benchmark,G_before,G_after,D_before,D_after,topology_hash_before,topology_hash_after,topology_preserved,gate_type_hash_before,gate_type_hash_after,MIN_before,MIN_after_import,MIN_after_phase,I_before,I_after_import,I_after,gate_type_hash_stage1_native
adder,384,384,129,129,a609f6577e2496938055cd7bbb76ea8e2fcaf809312285351d1d6d12a2c6ad93,a609f6577e2496938055cd7bbb76ea8e2fcaf809312285351d1d6d12a2c6ad93,True,50281ff1ce7d63b4de333b789f0850ae2ce26c42f311ee859c24268c780915c7,50281ff1ce7d63b4de333b789f0850ae2ce26c42f311ee859c24268c780915c7,0,0,0,255,255,255,unavailable_in_archived_BLIF
arbiter,3597,3597,25,25,cf04bd720f5afa0fc1d261dc62169ab899453b67c15a089bf95f63027826b598,cf04bd720f5afa0fc1d261dc62169ab899453b67c15a089bf95f63027826b598,True,4688b7f3f9ea3d10633a5f5b13cce6b6aa5495b0ac8c961da9dbe5e562f9889d,676e30ef55995037e12a6760ec041887445be4e87d45eed3c7b71192704a48fb,24,0,205,1679,1717,987,unavailable_in_archived_BLIF
bar,2464,2464,17,17,584e233ea37ef46de889133552427254995faa3686e634a35b2d7cfaabca3a85,584e233ea37ef46de889133552427254995faa3686e634a35b2d7cfaabca3a85,True,928471f98ccaf518a63a6b7fc9ff8f7be22dd1f69fcbf59eb4c4e9e3b18080d7,2e4be6d53117a2ac3990086cb6e6fa9edcb4b224b5d670a73fdce6732c87438a,12,0,45,667,845,624,unavailable_in_archived_BLIF
cavlc,524,524,15,15,b33180c0940079ca17e2eea409282051e02bba461dde66a08f1bea92787c2791,b33180c0940079ca17e2eea409282051e02bba461dde66a08f1bea92787c2791,True,b14295a7e8df99dc88dccf9c5a92194ed0e77b9367cdd25994d63fd9a90139a4,f72522c94a51d1712ec5a6fd45818a900b9ade33b9a5a85f277375e0c0d3e150,12,0,57,262,278,180,unavailable_in_archived_BLIF
ctrl,64,64,8,8,7d2e295f15b581116aa2d7d2fe401f75e762f57eca7e1df62d6fb28255790d82,7d2e295f15b581116aa2d7d2fe401f75e762f57eca7e1df62d6fb28255790d82,True,0b20245a8d545c8bb6082c487e67d569b7d1dc2b580cbd4f98a90e60c9de8b98,a0c8cd27d8d0a82ef1d466fc20cfc82023f491a25bd764d9e534616ec90f4703,0,0,1,28,28,27,unavailable_in_archived_BLIF
dec,304,304,3,3,fd908bd6811a0abcbd28a2565760830e298904b33a9d52e61681b152e723a8ae,fd908bd6811a0abcbd28a2565760830e298904b33a9d52e61681b152e723a8ae,True,46171ffac629438d127eb9d1d1e075d7ebeaec8d306ec4ee45dfc4c8960350bc,bd8f78f7f726333642a6fc7139b6a864fe9838bed95c734996ac39b812462911,2,0,4,20,51,8,unavailable_in_archived_BLIF
i2c,842,842,16,16,d975004ba5116029e0ef6d191e775df588e33f5d0706eeac64acb9c31f1370e9,d975004ba5116029e0ef6d191e775df588e33f5d0706eeac64acb9c31f1370e9,True,37f86d250848a5b4b1460d06263d2ef6d63f53df7a4e537381ab98ebb8657244,ff5032de02a99640e8f1ab1c141e189ee83e3916b9d359bf8da2fa0a4ddf9324,12,0,129,505,527,282,unavailable_in_archived_BLIF
int2float,167,167,10,10,4254ef87ee9525baf34985f3538eb40d51c01980957ea5a4aa4a3454ac90316b,4254ef87ee9525baf34985f3538eb40d51c01980957ea5a4aa4a3454ac90316b,True,edbca70a81b4bc3db292db1edfa5ab984305b9f952d3c2114a3cd5311a299651,366f357134725f6ef85fa39ef1d3fc8b4cb96eee9e49239762d480cbc9550a56,5,0,25,87,93,54,unavailable_in_archived_BLIF
max,2052,2052,179,179,390b70a6bbd5cbe34e637b99a0649f1c1d76cca349b474fbbf7c565cbd0fc6e3,390b70a6bbd5cbe34e637b99a0649f1c1d76cca349b474fbbf7c565cbd0fc6e3,True,6e3eb752d2d441880cad4705bb660268ee5b9f204207ebb7133f4ea2628fd95f,5ef67446edebffef333c82a5f7e922ddd85807dfc4da47a4649434a665ae08ea,12,0,70,1135,1148,1013,unavailable_in_archived_BLIF
priority,356,356,52,52,e494cb0a661bd5f109b16a3677d1d0f8d5fc4c8496091c409500d384160e61dd,e494cb0a661bd5f109b16a3677d1d0f8d5fc4c8496091c409500d384160e61dd,True,8fddefd0ade28cac3ffa7963ed751df7146b2b62a1002909921d29ae20e8b1bb,8fa8eb43470f73c7fa1b1c7e7a1cec229022eb2b7660880d2a5f59c215c1bc21,1,0,14,145,146,129,unavailable_in_archived_BLIF
router,134,134,18,18,b37ac946564da889747becdbda51c8511bb3a0711979671456aea4bf8c6d4fd3,b37ac946564da889747becdbda51c8511bb3a0711979671456aea4bf8c6d4fd3,True,f85d13b980e6daf7e3adb6187d5b4a28e6abddb32307a70003ba4410d547866a,ae07fc5c9c13763815bf531bac2fe8a56f0fb4f40126a77eb4743bdc37a2a11d,6,0,10,53,59,37,unavailable_in_archived_BLIF
voter,4182,4182,42,42,ee88cfd6a03443c86e9548577e60ea7444cc986a08c615c23fe2f421ac38a5cc,ee88cfd6a03443c86e9548577e60ea7444cc986a08c615c23fe2f421ac38a5cc,True,76c6cdb44265541a708acf1fd37e42d85b468307c3832c006118d5c2a73bbacd,2e79f54f1f95aefcf5e91b9999ad8d6188ddd757700e3e0a9886cff664986103,12,0,56,2506,2508,2425,unavailable_in_archived_BLIF
